Device,Mitigation,Fault,Area,Linac_Z,Position,MPS_Signal_Source_Location,Application_Card_Number,MPS_Crate,MPS_Channel_#1,MPS_Channel_#2,Drawing_#
OTR30,HXU,TGT,LTUH,10962.86699,412,B911-0502,241,B911-0608,0,1,WD37605803
YAGPSI,HXU,TGT,LTUH,11405.67589,769,B912-2202,260,B912-1419,0,1,WD37605804
OTR33,HXU,TGT,LTUH,11408.33711,772,B912-2202,260,B912-1419,2,3,WD37605804
OTRDMP,HXU,TGT,DMPH,12339.92127,695,B921-7202,316,B921-1527,24,25,WD37606001
OTRDMPB,SXU,TGT,DMPS,12339.92127,695,B921-7202,306,B921-1433,13,14,WD37606001
DIGIN,HXU,TGT,LTUH,0.0,695,B105-0117,229,B105-0117,0,1,WD37606001
